-8.168392,-29.508808,-0.304323,30.62001,2018_02_05-03_28_46_626316
-8.417319,-29.478271,0.098751,30.656638,2018_02_05-03_31_31_170194
-7.94272,-29.44067,0.2885,30.49464,2018_02_05-03_40_11_694555
-4.39952,-3.50304,4.46686,7.181915,2018_02_05-03_55_28_558111
-4.32067,-3.56106,4.63574,7.269073,2018_02_05-03_56_45_548362
-4.35716,-3.47637,4.75289,7.325296,2018_02_05-03_57_22_605073
-4.21762,-3.61832,4.44527,7.116248,2018_02_05-03_58_50_557296
-4.38331,-3.41293,4.4124,7.094418,2018_02_05-03_59_41_121557
-4.40424,-3.30034,4.54706,7.139001,2018_02_05-04_00_34_644421
-4.27785,-3.51175,4.88581,7.38265,2018_02_05-04_01_14_190350
-4.13641,-3.38317,4.55935,7.024486,2018_02_05-04_08_37_637526
-4.37315,-3.46966,4.48411,7.160323,2018_02_05-04_08_59_429724
-4.41851,-3.42972,4.53881,7.203264,2018_02_05-04_09_13_039319
-4.26513,-3.42618,4.49654,7.08159,2018_02_05-04_12_52_708064
-4.22944,-3.25763,4.49522,6.979063,2018_02_05-04_13_22_849034
-4.34406,-3.14948,4.68279,7.121699,2018_02_05-04_14_21_852507
-4.38295,-3.32896,4.58854,7.165677,2018_02_05-04_16_48_263651
-4.17177,-3.15149,4.52651,6.915551,2018_02_05-04_18_10_050421
-4.32489,-3.35752,4.44382,7.051606,2018_02_05-04_18_25_877547
-4.33231,-3.22216,4.44356,6.9926,2018_02_05-04_19_49_832808
-4.4359,-3.21989,4.19766,6.904002,2018_02_05-04_24_05_076849
-4.38102,-3.31741,4.49278,7.098142,2018_02_05-04_25_27_858111
-4.35626,-3.25523,4.31562,6.942485,2018_02_05-04_26_41_088712
-4.30068,-3.43737,4.63491,7.196788,2018_02_05-04_26_58_752726
-4.43693,-3.3281,4.5658,7.183949,2018_02_05-04_27_22_395270
-4.2967,-3.11574,4.48729,6.950197,2018_02_05-04_30_16_275512
-4.22778,-3.23561,4.65359,7.071011,2018_02_05-04_31_14_275288
-4.79569,-3.19444,4.94107,7.590604,2018_02_05-04_43_43_124560
-4.65071,-3.23074,5.06058,7.594488,2018_02_05-04_44_14_378731
-4.66736,-3.29188,4.86679,7.503757,2018_02_05-04_47_07_184415
-4.59822,-3.23023,4.65277,7.295634,2018_02_05-04_47_48_339197
-4.51268,-3.24787,4.48948,7.146214,2018_02_05-04_48_58_020947
-4.68676,-3.42601,4.59854,7.406067,2018_02_05-04_50_32_725413
-4.61212,-3.29102,4.33334,7.133043,2018_02_05-04_53_25_125821
-4.66522,-3.32393,4.29275,7.158246,2018_02_05-04_53_53_593162
-4.64107,-3.21821,4.61182,7.291453,2018_02_05-04_53_59_237514
-4.61826,-3.4548,4.47452,7.299678,2018_02_05-04_54_07_833821
-4.53135,-3.3044,4.63359,7.274775,2018_02_05-04_54_16_277547
-4.62453,-3.29105,4.40238,7.183191,2018_02_05-04_55_17_575540
-4.54489,-3.35483,2.79815,6.304011,2018_02_05-05_02_26_360386
-4.40619,-3.19914,2.82748,6.135442,2018_02_05-05_05_18_280907
-4.537,-3.28761,2.89045,6.304558,2018_02_05-05_08_20_282332
-8.17035,-5.89481,5.11013,11.296762,2018_02_05-05_08_21_065469
-11.07246,-7.99206,6.93365,15.314957,2018_02_05-05_08_21_653063
-13.46026,-9.65206,8.4148,18.578206,2018_02_05-05_08_22_304570
-15.45837,-10.91112,9.58648,21.211184,2018_02_05-05_08_22_891120
-16.97085,-11.95366,10.59979,23.307837,2018_02_05-05_08_23_567607
-18.19314,-12.84419,11.51255,25.069949,2018_02_05-05_08_24_157401
-4.42121,-3.2149,2.52886,6.023107,2018_02_05-05_08_55_647089
-7.97414,-5.74856,5.00667,11.031754,2018_02_05-05_08_56_373944
-10.95949,-7.99229,6.69972,15.128561,2018_02_05-05_08_57_012037
-13.31664,-9.69273,8.31033,18.448401,2018_02_05-05_08_57_602098
-15.06007,-10.85175,9.43358,20.82207,2018_02_05-05_08_58_236028
-16.54932,-11.82226,10.19985,22.752643,2018_02_05-05_08_58_851653
-17.73661,-12.6554,10.91162,24.368216,2018_02_05-05_08_59_461759
-18.61417,-13.4244,11.48276,25.662339,2018_02_05-05_09_00_124176
-19.50926,-14.10003,12.33881,27.049368,2018_02_05-05_09_00_720412
-19.92065,-14.51435,12.70556,27.729585,2018_02_05-05_09_01_400004
-20.37062,-14.80545,13.26762,28.463894,2018_02_05-05_09_01_998098
1.38249,-8.56239,4.22378,9.647078,2018_02_05-20_01_19_695656
2.49681,-15.45231,7.74627,17.464611,2018_02_05-20_01_20_497447
3.37921,-20.95179,10.22355,23.556688,2018_02_05-20_01_21_071185
4.09358,-25.31309,12.53996,28.54401,2018_02_05-20_01_21_748721
4.5112,-28.7993,14.2051,32.427388,2018_02_05-20_01_22_316502
4.83783,-31.50375,15.573,35.474064,2018_02_05-20_01_22_984260
5.28746,-33.73737,16.57069,37.95728,2018_02_05-20_01_23_550750
5.62047,-35.5125,17.3365,39.915931,2018_02_05-20_01_24_193988
5.77931,-36.98322,18.41814,41.717944,2018_02_05-20_01_24_798634
5.87365,-38.13597,19.02097,43.019173,2018_02_05-20_01_25_519766
6.07393,-39.13911,19.57848,44.182343,2018_02_05-20_01_26_128838
1.54868,-8.56441,4.09753,9.61963,2018_02_05-20_05_03_599138
2.827,-15.3953,7.80219,17.489464,2018_02_05-20_05_04_526535
4.0639,-20.92985,10.48036,23.757354,2018_02_05-20_05_05_183762
4.72578,-25.34155,12.65099,28.715409,2018_02_05-20_05_05_950979
5.35228,-28.83781,14.16399,32.571227,2018_02_05-20_05_06_645781
5.88282,-31.56718,15.233,35.540663,2018_02_05-20_05_07_281892
6.11559,-33.8787,16.46959,38.162995,2018_02_05-20_05_07_959363
6.38782,-35.62125,17.1905,40.064835,2018_02_05-20_05_08_621758
6.60248,-37.12864,17.98594,41.78065,2018_02_05-20_05_09_279248
6.87467,-38.27354,18.47038,43.049737,2018_02_05-20_05_10_014708
7.06539,-39.12205,19.05266,44.084673,2018_02_05-20_05_10_685597
7.07985,-39.79835,19.35708,44.818852,2018_02_05-20_05_11_473312
7.2599,-40.42096,19.6719,45.536181,2018_02_05-20_05_12_171882
7.17803,-41.01778,20.10846,46.242108,2018_02_05-20_05_12_816398
7.3292,-41.36225,20.17443,46.600006,2018_02_05-20_05_13_521083
7.53766,-41.78587,20.30947,47.067503,2018_02_05-20_05_14_218430
7.6786,-41.93861,20.47728,47.298276,2018_02_05-20_05_14_929335
7.69606,-42.13166,20.28495,47.389717,2018_02_05-20_05_15_588209
7.56512,-42.32477,20.556,47.656755,2018_02_05-20_05_16_237979
1.93468,-8.59272,4.1489,9.736077,2018_02_05-20_07_56_092247
3.02795,-15.52838,7.61878,17.559752,2018_02_05-20_07_56_799755
4.16186,-20.95676,10.4125,23.768194,2018_02_05-20_07_57_270067
4.95693,-25.40966,12.36624,28.690519,2018_02_05-20_07_57_836996
5.46717,-28.80724,14.09295,32.532419,2018_02_05-20_07_58_321909
6.12216,-31.63517,15.22105,35.63629,2018_02_05-20_07_58_883503
6.47299,-33.77215,16.48575,38.134468,2018_02_05-20_07_59_387276
6.75783,-35.63855,17.16304,40.129097,2018_02_05-20_07_59_904095
7.24415,-36.92203,17.94967,41.688184,2018_02_05-20_08_00_385544
7.44655,-38.13754,18.52388,43.047151,2018_02_05-20_08_00_957952
7.35285,-39.04971,18.92591,44.012888,2018_02_05-20_08_01_452487
7.59326,-39.82519,19.79987,45.119156,2018_02_05-20_08_02_005192
7.61667,-40.28987,20.14943,45.686834,2018_02_05-20_08_02_488037
7.8016,-40.80404,20.14779,46.171074,2018_02_05-20_08_03_039361
7.77699,-41.25858,20.34478,46.654711,2018_02_05-20_08_03_524554
7.92269,-41.55091,20.36395,46.946114,2018_02_05-20_08_04_061416
7.9049,-41.62035,20.68372,47.144005,2018_02_05-20_08_04_544356
8.05688,-41.89173,20.70631,47.419212,2018_02_05-20_08_05_107275
8.06845,-41.93311,20.90567,47.545059,2018_02_05-20_08_05_597962
7.89815,-41.87808,20.74889,47.399059,2018_02_05-20_08_06_140414
7.94335,-41.89935,20.83796,47.464438,2018_02_05-20_08_06_635882
8.02883,-42.1075,20.52599,47.527044,2018_02_05-20_08_07_178202
8.04145,-42.31292,20.3615,47.640726,2018_02_05-20_08_07_671411
8.08859,-42.43277,20.24987,47.707678,2018_02_05-20_08_08_211392
8.13219,-42.50044,20.12148,47.721,2018_02_05-20_08_08_706290
8.21258,-42.61786,20.22129,47.881406,2018_02_05-20_08_09_237823
8.19016,-42.68866,20.51528,48.065342,2018_02_05-20_08_09_728536
8.38223,-42.59545,20.51213,48.01439,2018_02_05-20_08_10_283393
8.36433,-42.65995,20.72613,48.16021,2018_02_05-20_08_10_790359
8.38524,-42.79077,20.83402,48.326169,2018_02_05-20_08_11_346620
8.10221,-42.6942,21.04291,48.282964,2018_02_05-20_08_11_836382
2.02038,-8.3788,3.82341,9.428928,2018_02_05-20_22_57_231274
3.82275,-15.07312,6.83614,16.986618,2018_02_05-20_22_57_952832
5.45052,-20.29488,8.87702,22.812098,2018_02_05-20_22_58_452416
6.94975,-24.56869,9.78507,27.343503,2018_02_05-20_22_59_006764
7.98034,-28.12391,11.59508,31.449738,2018_02_05-20_22_59_517390
8.84683,-30.84314,12.53345,34.447831,2018_02_05-20_23_00_504349
9.22633,-33.1846,13.79094,37.101656,2018_02_05-20_23_01_004647
9.63924,-35.19329,14.37335,39.218309,2018_02_05-20_23_01_539964
9.79998,-36.93419,15.21122,41.128521,2018_02_05-20_23_02_054163
9.75619,-38.2846,15.76558,42.537599,2018_02_05-20_23_02_594552
9.84756,-39.1931,16.54062,43.665383,2018_02_05-20_23_03_071969
9.8047,-39.94667,17.25001,44.603043,2018_02_05-20_23_03_606693
9.65887,-40.67661,17.52437,45.33193,2018_02_05-20_23_04_089540
9.61655,-41.14409,18.00199,45.92805,2018_02_05-20_23_04_622860
9.61443,-41.50174,18.41622,46.411085,2018_02_05-20_23_05_108612
9.76008,-41.90213,18.56232,46.857309,2018_02_05-20_23_05_649291
9.75159,-42.36177,18.76014,47.345073,2018_02_05-20_23_06_230913
9.79096,-42.62248,18.72866,47.574167,2018_02_05-20_23_06_707879
10.05416,-42.71541,18.49169,47.619691,2018_02_05-20_23_07_241342
9.87591,-42.86423,18.69665,47.795821,2018_02_05-20_23_07_726336
9.9515,-42.98564,18.59866,47.882228,2018_02_05-20_23_08_255290
9.95713,-43.18445,18.8537,48.161221,2018_02_05-20_23_08_736368
9.99775,-43.14588,18.76926,48.102049,2018_02_05-20_23_09_265263
9.97556,-43.09245,18.94504,48.118454,2018_02_05-20_23_09_777604
9.96406,-43.32075,19.22991,48.433039,2018_02_05-20_23_10_321990
9.79333,-43.40399,19.05739,48.404543,2018_02_05-20_23_10_814917
9.08173,-43.39567,19.26073,48.338781,2018_02_05-20_23_11_335618
9.02297,-43.35712,19.46885,48.376544,2018_02_05-20_23_11_835771
9.27445,-43.32436,19.43441,48.380904,2018_02_05-20_23_12_360783
9.53878,-43.31554,19.27096,48.359014,2018_02_05-20_23_12_860684
9.73257,-43.32537,19.2124,48.383126,2018_02_05-20_23_13_387291
9.7148,-43.27967,19.06156,48.27888,2018_02_05-20_23_13_887736
9.7923,-43.27847,19.00476,48.271068,2018_02_05-20_23_14_412912
9.51346,-43.27941,19.35255,48.35426,2018_02_05-20_23_14_895203
9.52669,-43.34952,19.0846,48.313152,2018_02_05-20_23_15_421413
2.03563,-8.63973,4.29633,9.861398,2018_02_05-20_26_41_275306
3.74501,-15.55202,7.52231,17.676979,2018_02_05-20_26_41_999844
5.08414,-21.0082,10.10647,23.860714,2018_02_05-20_26_42_554510
6.18571,-25.40138,12.05362,28.788589,2018_02_05-20_26_43_156702
6.88977,-28.83957,13.44457,32.556815,2018_02_05-20_26_43_720052
7.57141,-31.63391,15.39806,35.987925,2018_02_05-20_26_44_318386
7.98738,-33.95611,16.45866,38.570755,2018_02_05-20_26_44_940083
8.53261,-35.74276,17.0092,40.492755,2018_02_05-20_26_45_539737
8.88002,-37.12584,17.4933,41.990455,2018_02_05-20_26_46_162047
9.30335,-38.29036,17.746,43.216021,2018_02_05-20_26_46_761682
9.59987,-39.19934,18.11646,44.237449,2018_02_05-20_26_47_381783
9.82904,-39.88725,18.50557,45.056175,2018_02_05-20_26_47_983960
9.86804,-40.6158,18.81164,45.835567,2018_02_05-20_26_48_604379
9.95549,-41.09833,19.1566,46.423699,2018_02_05-20_26_49_258725
2.12081,-8.67922,3.91484,9.754623,2018_02_05-20_27_26_886884
3.80996,-15.57683,6.86134,17.442231,2018_02_05-20_27_27_639864
5.00464,-21.10451,9.41339,23.644422,2018_02_05-20_27_28_188486
6.07495,-25.51701,11.44052,28.616574,2018_02_05-20_27_28_770488
6.88668,-29.09167,13.13511,32.653985,2018_02_05-20_27_29_341591
7.64515,-31.93603,14.47337,35.886443,2018_02_05-20_27_29_938009
8.26526,-34.25167,15.70827,38.577729,2018_02_05-20_27_30_546675
8.68684,-36.05689,16.33588,40.5268,2018_02_05-20_27_31_141369
8.94186,-37.6088,17.43216,42.405883,2018_02_05-20_27_31_752859
2.14719,-8.60631,3.90505,9.691667,2018_02_05-20_28_50_533514
3.93278,-15.55976,6.96203,17.494078,2018_02_05-20_28_51_249039
5.08673,-21.03978,9.45228,23.619754,2018_02_05-20_28_51_799246
6.18612,-25.51079,11.41396,28.624237,2018_02_05-20_28_52_391574
6.84819,-29.07386,13.20334,32.657545,2018_02_05-20_28_52_940387
7.40516,-31.90211,14.61623,35.863842,2018_02_05-20_28_53_529065
7.83248,-34.2317,15.63054,38.437882,2018_02_05-20_28_54_143984
8.18183,-36.09598,16.59731,40.562702,2018_02_05-20_28_54_739764
1.9929,-8.60997,3.9892,9.696234,2018_02_05-20_29_24_218070
3.61656,-15.6005,7.4015,17.641919,2018_02_05-20_29_24_962705
4.94278,-21.1199,10.07968,23.918219,2018_02_05-20_29_25_521639
5.95508,-25.60165,12.00224,28.895696,2018_02_05-20_29_26_116641
6.60602,-29.12275,13.5406,32.789052,2018_02_05-20_29_26_726929
7.39266,-32.02835,14.87634,36.080079,2018_02_05-20_29_27_322669
8.00958,-34.26329,16.20206,38.738007,2018_02_05-20_29_27_933945
8.39563,-36.22298,16.81405,40.808126,2018_02_05-20_29_28_529539
8.78527,-37.7307,17.55284,42.531034,2018_02_05-20_29_29_138917
9.09548,-38.87416,17.92244,43.762335,2018_02_05-20_29_29_732540
9.16869,-39.7082,18.44299,44.731979,2018_02_05-20_29_30_340697
9.35823,-40.366,18.84156,45.51917,2018_02_05-20_29_30_926483
9.48666,-40.926,19.24775,46.210497,2018_02_05-20_29_31_540533
9.62519,-41.19413,19.55938,46.606544,2018_02_05-20_29_32_132717
9.74541,-41.66001,19.0498,46.834008,2018_02_05-20_29_32_745950
9.92408,-42.00147,19.08274,47.188577,2018_02_05-20_29_33_338381
9.89795,-42.31329,19.64219,47.688568,2018_02_05-20_29_33_946811
10.06241,-42.39445,19.47216,47.725323,2018_02_05-20_29_34_538212
9.97872,-42.58167,19.79577,48.006729,2018_02_05-20_29_35_142837
9.9899,-42.69201,19.69399,48.065154,2018_02_05-20_29_35_738944
9.89225,-42.66057,19.67435,48.008967,2018_02_05-20_29_36_339770
9.9708,-42.87994,19.63203,48.202933,2018_02_05-20_29_36_923837
9.85597,-42.99122,19.70953,48.309944,2018_02_05-20_29_37_508059
9.10357,-43.09187,19.34959,48.106038,2018_02_05-20_29_38_071435
9.06066,-43.13154,19.62327,48.24415,2018_02_05-20_29_38_624040
9.06384,-43.03403,19.78417,48.223379,2018_02_05-20_29_39_184160
8.87403,-43.01558,20.03094,48.273462,2018_02_05-20_29_39_729363
9.31092,-42.87788,19.62594,48.066447,2018_02_05-20_29_40_284312
9.15428,-42.91355,19.63051,48.070059,2018_02_05-20_29_40_807544
9.43638,-43.06598,19.51793,48.214868,2018_02_05-20_29_41_342737
9.49498,-43.24737,19.38689,48.335713,2018_02_05-20_29_41_823144
9.47553,-43.19555,19.69254,48.409063,2018_02_05-20_29_42_373354
9.4624,-43.27004,19.15696,48.257875,2018_02_05-20_29_42_903382
9.51493,-43.31472,19.07391,48.275386,2018_02_05-20_29_43_450719
9.34417,-43.5071,19.62562,48.634825,2018_02_05-20_29_43_963230
9.22749,-43.54706,19.57881,48.629444,2018_02_05-20_29_44_551092
9.07684,-43.53419,19.88933,48.715502,2018_02_05-20_29_45_075340
9.103,-43.56485,19.93431,48.766151,2018_02_05-20_29_45_637569
8.96132,-43.46907,20.10207,48.723285,2018_02_05-20_29_46_173741
8.8613,-43.3923,20.12535,48.64611,2018_02_05-20_29_46_711153
8.79116,-43.25211,20.13753,48.513396,2018_02_05-20_29_47_198305
8.89332,-43.35039,20.02484,48.573055,2018_02_05-20_29_47_716178
8.95349,-43.37297,20.13533,48.649882,2018_02_05-20_29_48_189347
9.10157,-43.39222,20.13779,48.695523,2018_02_05-20_29_48_708342
9.01279,-43.42723,20.16533,48.721609,2018_02_05-20_29_49_177067
9.17577,-43.34494,19.87387,48.55872,2018_02_05-20_29_49_706832
9.20174,-43.43021,19.78401,48.603109,2018_02_05-20_29_50_172977
9.26158,-43.53839,19.69644,48.675641,2018_02_05-20_29_50_701288
9.24327,-43.51192,19.8368,48.705481,2018_02_05-20_29_51_201562
9.34763,-43.52569,19.76118,48.706962,2018_02_05-20_29_51_740953
9.30352,-43.44483,19.74507,48.619713,2018_02_05-20_29_52_281950
9.36712,-43.32577,19.90625,48.591399,2018_02_05-20_29_52_827097
9.29634,-43.37506,19.96656,48.646493,2018_02_05-20_29_53_303395
9.40654,-43.23007,19.73547,48.443893,2018_02_05-20_29_53_815600
9.4168,-43.38269,19.30798,48.41004,2018_02_05-20_29_54_279222
9.54246,-43.15262,19.33603,48.239913,2018_02_05-20_30_00_067416
9.57541,-43.11472,19.55778,48.301908,2018_02_05-20_30_00_633052
9.45694,-43.05374,19.61269,48.246408,2018_02_05-20_30_01_113138
9.45634,-43.069,19.87601,48.367519,2018_02_05-20_30_01_685150
9.36941,-43.25414,19.92168,48.534316,2018_02_05-20_30_02_201568
9.37579,-43.16621,19.81525,48.413544,2018_02_05-20_30_02_724585
9.50379,-43.23354,19.93116,48.54598,2018_02_05-20_30_03_202213
9.3498,-43.30066,20.05052,48.624986,2018_02_05-20_30_03_756508
9.27307,-43.32639,19.99539,48.610508,2018_02_05-20_30_04_246228
9.29966,-43.27472,19.86539,48.51617,2018_02_05-20_30_04_796877
9.45962,-43.32053,19.95297,48.623798,2018_02_05-20_30_05_775274
9.43515,-43.50177,20.11655,48.847739,2018_02_05-20_30_06_246674
9.55019,-43.45052,19.93884,48.751525,2018_02_05-20_30_06_766170
9.40231,-43.46819,19.84699,48.701027,2018_02_05-20_30_07_254360
9.43191,-43.59729,19.81248,48.807981,2018_02_05-20_30_07_760513
9.40079,-43.60382,19.73495,48.77639,2018_02_05-20_30_08_245925
9.52727,-43.65659,19.75644,48.856767,2018_02_05-20_30_08_757365
9.48922,-43.53345,19.80309,48.75827,2018_02_05-20_30_09_248400
9.52054,-43.49691,19.54921,48.629142,2018_02_05-20_30_09_763916
9.66166,-43.54332,19.56804,48.706022,2018_02_05-20_30_10_272938
9.48051,-43.39622,19.70563,48.594484,2018_02_05-20_30_10_774736
9.44208,-43.40956,19.76591,48.623389,2018_02_05-20_30_11_255695
9.33283,-43.29516,19.83342,48.527695,2018_02_05-20_30_11_774936
9.35779,-43.29028,20.03772,48.612003,2018_02_05-20_30_12_242856
9.34975,-43.34741,20.02854,48.65756,2018_02_05-20_30_12_764635
9.3402,-43.27415,19.83551,48.511224,2018_02_05-20_30_13_257139
9.30515,-43.362,19.7868,48.563014,2018_02_05-20_30_13_782164
9.34009,-43.41095,19.84206,48.635946,2018_02_05-20_30_14_255214
9.25591,-43.39168,19.74504,48.563117,2018_02_05-20_30_14_795993
9.35483,-43.39599,19.79836,48.607611,2018_02_05-20_30_15_274731
9.5424,-43.47938,19.66845,48.665818,2018_02_05-20_30_15_809411
9.56807,-43.55622,19.77959,48.784469,2018_02_05-20_30_16_310237
9.64559,-43.52061,19.19118,48.532281,2018_02_05-20_30_16_846648
9.63526,-43.49926,19.54136,48.650679,2018_02_05-20_30_17_346685
9.53731,-43.3611,19.35963,48.43491,2018_02_05-20_30_17_866202
9.45897,-43.31911,19.50749,48.4413,2018_02_05-20_30_18_363214
9.3323,-43.29568,19.57041,48.421159,2018_02_05-20_30_18_890475
9.20257,-43.29286,19.43604,48.339618,2018_02_05-20_30_19_393086
9.34602,-43.31161,19.49359,48.407063,2018_02_05-20_30_19_923323
9.27828,-43.34129,19.67527,48.494022,2018_02_05-20_30_20_422410
9.39069,-43.86806,19.51354,48.922081,2018_02_05-20_30_20_942786
9.15552,-43.71003,19.4164,48.696888,2018_02_05-20_30_21_434158
9.17132,-43.7282,19.57386,48.779141,2018_02_05-20_30_21_950512
8.97547,-43.8472,19.8393,48.956448,2018_02_05-20_30_22_450472
9.07367,-43.76966,19.48934,48.764218,2018_02_05-20_30_22_969547
1.94827,-8.75552,3.88599,9.775265,2018_02_05-20_33_03_442722
3.5971,-15.71077,7.07038,17.599935,2018_02_05-20_33_04_097130
5.01744,-21.43974,9.5803,24.012899,2018_02_05-20_33_04_584425
5.94179,-25.84626,11.94518,29.086446,2018_02_05-20_33_05_118434
6.64679,-29.34864,13.90355,33.148623,2018_02_05-20_33_05_582615
7.12083,-32.2546,14.92239,36.245595,2018_02_05-20_33_06_082837
7.62544,-34.63921,16.27011,39.022284,2018_02_05-20_33_06_576498
8.03893,-36.45041,17.08464,41.050478,2018_02_05-20_33_07_105592
8.37807,-37.90473,17.60752,42.626111,2018_02_05-20_33_07_621623
8.70707,-39.02981,18.10217,43.895646,2018_02_05-20_33_08_117063
8.91506,-40.00259,18.58007,44.998939,2018_02_05-20_33_08_632966
9.03276,-40.81394,18.96955,45.904382,2018_02_05-20_33_09_128111
10.27698,-41.53534,19.0437,46.834424,2018_02_05-20_33_09_644636
12.00327,-42.25926,19.40133,48.024318,2018_02_05-20_33_10_144430
13.37687,-42.66273,19.41195,48.742928,2018_02_05-20_33_10_665646
14.41579,-42.90148,19.86403,49.426022,2018_02_05-20_33_11_167479
15.27635,-43.40164,19.83432,50.104585,2018_02_05-20_33_11_700390
16.13424,-43.71944,19.72882,50.605627,2018_02_05-20_33_12_222148
16.61158,-43.99994,20.00194,51.107895,2018_02_05-20_33_12_770047
16.94003,-44.05965,20.06262,51.290604,2018_02_05-20_33_13_289804
17.24693,-44.20884,19.90419,51.459255,2018_02_05-20_33_13_813106
17.54233,-44.43045,19.80658,51.71169,2018_02_05-20_33_14_298084
17.73204,-44.45502,19.76491,51.781519,2018_02_05-20_33_14_821744
17.88523,-44.57127,19.98002,52.016159,2018_02_05-20_33_15_356811
18.03542,-44.48158,19.26587,51.720993,2018_02_05-20_33_15_900335
18.11246,-44.58088,19.53325,51.933264,2018_02_05-20_33_16_386925
18.26979,-44.48465,18.991,51.70423,2018_02_05-20_33_16_891357
18.43175,-44.53992,19.23557,51.899336,2018_02_05-20_33_17_369034
18.77135,-44.42299,19.18388,51.901704,2018_02_05-20_33_17_891795
18.73902,-44.53382,19.2336,52.003301,2018_02_05-20_33_18_427644
19.01699,-44.46408,19.46951,52.13216,2018_02_05-20_33_18_951158
19.14177,-44.4738,19.43334,52.172607,2018_02_05-20_33_19_452122
18.41916,-44.50426,19.66781,52.026122,2018_02_05-20_33_19_987692
17.97113,-44.49674,19.86437,51.937603,2018_02_05-20_33_20_461936
17.58667,-44.41188,20.16249,51.848163,2018_02_05-20_33_20_980885
17.25496,-44.51185,20.12396,51.807453,2018_02_05-20_33_21_476409
17.10292,-44.64367,19.92635,51.794079,2018_02_05-20_33_22_019845
16.94207,-44.52437,20.1661,51.731275,2018_02_05-20_33_22_524235
16.80301,-44.43923,20.09204,51.583683,2018_02_05-20_33_23_093816
16.60553,-44.40926,20.01687,51.464561,2018_02_05-20_33_23_603884
16.51793,-44.32347,19.68588,51.234226,2018_02_05-20_33_24_139006
16.66618,-44.44509,19.77569,51.421839,2018_02_05-20_33_24_635357
16.67408,-44.57413,19.70057,51.507189,2018_02_05-20_33_25_195382
16.57181,-44.67651,19.87311,51.629022,2018_02_05-20_33_25_703939
16.43991,-44.69572,20.01802,51.659454,2018_02_05-20_33_26_241350
16.56967,-44.59654,20.25698,51.708322,2018_02_05-20_33_26_723478
16.43494,-44.61522,20.46268,51.762403,2018_02_05-20_33_27_262662
16.60776,-44.66208,20.51949,51.880329,2018_02_05-20_33_27_744526
16.55247,-44.79317,20.76087,52.071356,2018_02_05-20_33_28_283166
16.48766,-44.90731,20.40728,52.009292,2018_02_05-20_33_28_769984
16.4267,-44.89658,19.97478,51.812462,2018_02_05-20_33_29_326811
16.27588,-44.93869,20.09465,51.847711,2018_02_05-20_33_29_830917
16.37476,-44.91322,20.07488,51.849117,2018_02_05-20_33_30_379760
16.41936,-45.0217,19.9795,51.920413,2018_02_05-20_33_30_846854
16.48631,-45.06397,19.93825,51.962425,2018_02_05-20_33_31_385854
16.64424,-45.00804,19.55582,51.818766,2018_02_05-20_33_31_897157
16.62746,-44.992,20.08436,52.001289,2018_02_05-20_33_32_433344
16.7956,-44.8614,19.84799,51.85152,2018_02_05-20_33_32_920656
4.16692,-9.05784,3.75429,10.65375,2018_02_05-21_09_47_491628
7.60373,-16.36211,6.80646,19.283756,2018_02_05-21_09_49_231931
10.2367,-22.19207,9.08627,26.073709,2018_02_05-21_09_49_710029
12.31138,-26.84413,10.85695,31.465072,2018_02_05-21_09_50_225672
13.94918,-30.60502,12.307,35.814929,2018_02_05-21_09_50_710689
15.27701,-33.71623,13.72711,39.479169,2018_02_05-21_09_51_228649
16.40409,-35.89563,14.68139,42.108593,2018_02_05-21_09_51_707108
17.29109,-37.73878,14.93714,44.117065,2018_02_05-21_09_52_213101
18.11321,-39.3007,15.53422,45.977662,2018_02_05-21_09_52_743020
18.52422,-40.51299,16.05907,47.353382,2018_02_05-21_09_53_232151
19.03329,-41.28771,16.32485,48.305712,2018_02_05-21_09_53_737080
19.31342,-42.0689,16.48099,49.136784,2018_02_05-21_09_54_226393
19.60749,-42.79099,16.70932,49.947211,2018_02_05-21_09_54_727313
19.52223,-43.18394,16.9792,50.341468,2018_02_05-21_09_55_183195
19.57479,-43.65805,17.25873,50.863164,2018_02_05-21_09_55_669749
19.64743,-43.91462,17.74441,51.277475,2018_02_05-21_09_56_126142
19.84922,-44.23949,17.87003,51.676513,2018_02_05-21_09_56_669345
19.89435,-44.60526,18.12891,52.096754,2018_02_05-21_09_57_122667
20.031,-44.88204,18.21116,52.414548,2018_02_05-21_09_57_653850
19.79318,-44.99247,18.6341,52.567309,2018_02_05-21_09_58_295992
19.92422,-45.07264,18.47197,52.628235,2018_02_05-21_09_58_833203
19.90501,-45.24774,18.36031,52.732043,2018_02_05-21_09_59_287908
20.11746,-45.25652,18.47485,52.86005,2018_02_05-21_09_59_815893
20.08169,-45.35072,18.5683,52.959832,2018_02_05-21_10_00_268446
20.13965,-45.3209,18.84713,53.054724,2018_02_05-21_10_00_744310
20.2301,-45.38078,18.60603,53.055221,2018_02_05-21_10_01_229843
20.33676,-45.43536,18.59182,53.137666,2018_02_05-21_10_01_721100
20.37417,-45.46124,18.51866,53.148583,2018_02_05-21_10_02_227291
20.18466,-45.30468,18.66176,52.992413,2018_02_05-21_10_02_685807
20.10767,-45.26391,18.41006,52.840044,2018_02_05-21_10_03_210749
20.0925,-45.26136,18.59649,52.897341,2018_02_05-21_10_03_665574
20.18211,-45.29979,18.60299,52.966591,2018_02_05-21_10_04_214655
20.21973,-45.20036,18.5846,52.889483,2018_02_05-21_10_04_673706
20.14911,-45.18749,18.73678,52.905225,2018_02_05-21_10_05_196432
20.32572,-45.17997,18.66202,52.939924,2018_02_05-21_10_05_649732
20.26974,-45.05344,18.82446,52.868092,2018_02_05-21_10_06_182042
20.2402,-45.05268,18.57466,52.767676,2018_02_05-21_10_06_668370
20.2382,-45.03626,18.61947,52.768685,2018_02_05-21_10_07_160605
20.09803,-45.02066,18.51485,52.664887,2018_02_05-21_10_07_657647
20.15644,-45.1185,18.67591,52.827557,2018_02_05-21_10_08_113662
20.23811,-45.08966,18.63023,52.818027,2018_02_05-21_10_08_600335
20.28815,-45.07187,18.54919,52.793512,2018_02_05-21_10_14_377379
20.40675,-45.11492,18.41702,52.829708,2018_02_05-21_10_20_299463
20.40656,-45.23868,18.4841,52.958737,2018_02_05-21_10_26_241290
20.36436,-45.2134,18.63398,52.973426,2018_02_05-21_10_26_788099
20.50314,-45.0717,18.75268,52.948087,2018_02_05-21_10_27_280416
20.64357,-45.03109,18.54822,52.896054,2018_02_05-21_10_27_806451
20.7004,-45.07701,18.4848,52.935161,2018_02_05-21_10_28_269006
20.72017,-45.1075,18.35985,52.925382,2018_02_05-21_10_28_803472
20.70581,-45.20042,18.68836,53.113683,2018_02_05-21_10_29_263492
20.76852,-45.12775,18.44972,52.992805,2018_02_05-21_10_29_749928
20.73119,-44.99497,18.22462,52.78699,2018_02_05-21_10_30_246528
20.46718,-45.00392,18.11884,52.655015,2018_02_05-21_10_30_708121
20.551,-44.98701,17.97681,52.624522,2018_02_05-21_10_31_228682
20.34103,-45.0153,18.10564,52.6113,2018_02_05-21_10_31_694618
20.35809,-45.1754,18.05854,52.738785,2018_02_05-21_10_32_213644
20.23975,-45.05404,18.16053,52.624318,2018_02_05-21_10_32_676355
20.15731,-44.91741,18.15501,52.473758,2018_02_05-21_10_33_241297
19.92625,-44.90273,18.54026,52.507636,2018_02_05-21_10_33_703544
3.92868,-9.1897,3.7779,10.684458,2018_02_05-21_18_43_295343
7.03864,-16.44502,6.74982,19.119132,2018_02_05-21_18_43_928703
9.47099,-22.24864,9.1794,25.864319,2018_02_05-21_18_44_375485
12.26071,-26.9765,10.94925,31.59023,2018_02_05-21_18_44_879751
13.71761,-30.72027,12.65419,35.944907,2018_02_05-21_18_45_335876
14.8806,-33.58416,13.54834,39.152083,2018_02_05-21_18_45_833213
16.00163,-35.98534,14.33754,41.911358,2018_02_05-21_18_47_867296
16.62887,-37.86964,15.31561,44.104386,2018_02_05-21_18_48_357817
17.13866,-39.33653,15.70605,45.69219,2018_02_05-21_18_48_848831
17.56146,-40.60723,16.39514,47.182122,2018_02_05-21_18_49_329359
18.06457,-41.55822,16.83492,48.340758,2018_02_05-21_18_49_836230
18.4224,-42.23303,16.93031,49.088176,2018_02_05-21_18_50_290222
18.80024,-42.86549,17.3637,49.923915,2018_02_05-21_18_50_780662
18.92125,-43.34566,17.514,50.434117,2018_02_05-21_18_51_240303
19.02444,-43.84836,17.67035,50.95929,2018_02_05-21_18_51_775542
19.31365,-44.23585,17.55163,51.360366,2018_02_05-21_18_52_270180
19.3468,-44.61667,17.60177,51.718161,2018_02_05-21_18_52_810318
19.3714,-44.75294,17.86566,51.935138,2018_02_05-21_18_53_267449
19.45798,-44.86758,17.76135,52.030551,2018_02_05-21_18_53_772396
19.66788,-44.94531,17.9618,52.244929,2018_02_05-21_18_54_259965
19.78648,-45.11899,17.96214,52.43917,2018_02_05-21_18_54_756720
19.74218,-45.19499,18.30615,52.606615,2018_02_05-21_18_55_217131
19.88757,-45.05984,18.15216,52.491957,2018_02_05-21_18_55_734011
19.74439,-44.96616,18.44737,52.46048,2018_02_05-21_18_56_186092
19.86268,-45.03443,18.34396,52.527391,2018_02_05-21_18_56_706954
19.76606,-45.05246,18.26534,52.478986,2018_02_05-21_18_57_174410
19.71887,-45.11852,18.35444,52.549026,2018_02_05-21_18_57_677740
19.75329,-45.26258,18.42441,52.71008,2018_02_05-21_18_58_163362
19.7328,-45.39393,18.44562,52.822658,2018_02_05-21_18_58_651974
19.53292,-45.25326,18.22067,52.548885,2018_02_05-21_18_59_138777
19.48747,-45.35211,18.42756,52.689186,2018_02_05-21_18_59_639025
19.54762,-45.43203,18.41454,52.775696,2018_02_05-21_19_00_096380
19.76929,-45.44778,18.40612,52.868807,2018_02_05-21_19_00_620347
19.90196,-45.42678,18.67535,52.994802,2018_02_05-21_19_01_094471
19.79071,-45.30354,18.30016,52.71602,2018_02_05-21_19_01_626430
19.63737,-45.16666,18.67408,52.672334,2018_02_05-21_19_02_085575
19.66169,-45.18277,18.8119,52.744216,2018_02_05-21_19_02_593764
19.67937,-45.32578,19.09005,52.972955,2018_02_05-21_19_03_048330
19.73042,-45.47887,18.89625,53.053608,2018_02_05-21_19_03_548938
19.56382,-45.24982,19.02575,52.841919,2018_02_05-21_19_04_008088
19.64367,-45.44716,19.10193,53.067899,2018_02_05-21_19_04_521157
19.59378,-45.54683,19.09642,53.132882,2018_02_05-21_19_04_973100
19.7127,-45.47062,18.94749,53.058225,2018_02_05-21_19_05_484722
19.74439,-45.34069,18.69497,52.868904,2018_02_05-21_19_11_271611
19.74265,-45.11209,18.40345,52.569572,2018_02_05-21_19_11_852630
19.8892,-45.02159,18.19119,52.473262,2018_02_05-21_19_12_371669
20.0628,-44.95539,17.93943,52.39586,2018_02_05-21_19_12_907028
20.05073,-44.96856,17.95983,52.409528,2018_02_05-21_19_13_431057
20.26133,-44.96502,17.85763,52.452545,2018_02_05-21_19_13_995204
20.21401,-45.016,17.96618,52.515046,2018_02_05-21_19_14_502300
20.33351,-44.97445,18.02537,52.545854,2018_02_05-21_19_15_055095
20.25101,-44.9561,18.2561,52.577938,2018_02_05-21_19_15_540290
20.2907,-45.00399,18.13357,52.591805,2018_02_05-21_19_16_096678
20.26506,-45.12172,18.47062,52.799679,2018_02_05-21_19_16_599812
20.28257,-45.1415,18.19798,52.728589,2018_02_05-21_19_17_146057
20.37998,-44.95578,18.01626,52.544756,2018_02_05-21_19_22_996823
20.41647,-44.80142,18.0183,52.427651,2018_02_05-21_19_23_572975
20.34689,-44.7839,18.1241,52.422101,2018_02_05-21_19_24_103237
4.11329,-9.02792,3.4474,10.502717,2018_02_05-21_19_49_923475
7.27927,-16.21525,6.40232,18.89211,2018_02_05-21_19_50_568549
9.80832,-21.9027,8.64653,25.508702,2018_02_05-21_19_51_034951
11.91139,-26.53314,10.58093,30.949068,2018_02_05-21_19_51_563114
13.42216,-30.27416,12.03368,35.234764,2018_02_05-21_19_52_038083
14.77691,-33.2297,13.21346,38.693224,2018_02_05-21_19_52_566089
15.75825,-35.5368,14.32084,41.427926,2018_02_05-21_19_53_038838
16.73615,-37.46404,15.16088,43.743631,2018_02_05-21_19_53_567798
17.19664,-39.09644,15.66688,45.494035,2018_02_05-21_19_54_042490
17.68699,-40.4272,16.23949,47.020306,2018_02_05-21_19_54_575881
18.22737,-41.39216,16.58337,48.172151,2018_02_05-21_19_55_069648
18.83647,-42.2051,16.52281,49.082444,2018_02_05-21_20_00_920809
19.15185,-42.87597,16.62772,49.815893,2018_02_05-21_20_01_485447
19.27626,-43.41196,17.07925,50.476462,2018_02_05-21_20_01_959329
19.49131,-43.75756,17.33302,50.941818,2018_02_05-21_20_02_491798
19.38024,-43.9968,17.75445,51.249708,2018_02_05-21_20_02_963740
19.49992,-44.19022,17.77305,51.467502,2018_02_05-21_20_03_495883
0.92752,-7.70909,3.78559,8.638348,2018_02_05-21_22_57_307271
1.55452,-13.92074,7.12173,15.71377,2018_02_05-21_22_58_078931
2.05172,-18.93501,9.77294,21.40688,2018_02_05-21_22_58_660603
2.53066,-22.97593,11.93706,26.015207,2018_02_05-21_22_59_248149
2.98564,-26.29427,13.679,29.789557,2018_02_05-21_22_59_847804
3.209,-28.88542,15.23394,32.813688,2018_02_05-21_23_00_395886
3.54353,-31.02147,16.11882,35.138363,2018_02_05-21_23_06_294458
3.78704,-32.53905,17.0539,36.931923,2018_02_05-21_23_06_951890
3.9913,-33.75834,17.62237,38.289736,2018_02_05-21_23_07_506858
4.18937,-34.86388,18.07381,39.493082,2018_02_05-21_23_08_112930
3.83813,-35.8317,18.63483,40.569679,2018_02_05-21_23_14_013220
2.94997,-4.89021,17.4924,18.401101,2018_02_05-21_24_29_595074
4.98332,-8.1546,31.29412,32.720833,2018_02_05-21_24_31_033422
6.4659,-10.81032,42.72754,44.545635,2018_02_05-21_24_31_597262
7.65256,-12.80006,52.00539,54.101421,2018_02_05-21_24_32_179833
8.48145,-14.33216,58.91883,61.227235,2018_02_05-21_24_32_728891
9.2428,-15.69478,64.53158,67.052817,2018_02_05-21_24_33_286297
9.94459,-16.82573,69.04378,71.756837,2018_02_05-21_24_33_877677
10.33173,-17.78521,72.93862,75.783248,2018_02_05-21_24_34_439353
10.75037,-18.33336,75.6597,78.587994,2018_02_05-21_24_35_042132
10.86605,-19.07306,77.85132,80.886839,2018_02_05-21_24_35_604322
11.02072,-19.24984,79.9727,82.991839,2018_02_05-21_24_36_209963
11.51295,-16.97987,80.14406,82.728075,2018_02_05-21_24_36_773723
12.03679,-16.44625,80.67104,83.20565,2018_02_05-21_24_37_379363
12.49008,-15.86716,80.92097,83.402471,2018_02_05-21_24_37_998047
12.51308,-15.05982,78.9894,81.379977,2018_02_05-21_24_38_605988
12.57013,-13.94239,77.85144,80.082739,2018_02_05-21_24_39_224029
12.36184,-13.50598,76.6551,78.811363,2018_02_05-21_24_39_835411
12.4495,-13.09868,75.73708,77.863154,2018_02_05-21_24_40_450861
12.16849,-12.97548,74.7569,76.844189,2018_02_05-21_24_41_061363
12.13385,-12.84665,74.22262,76.297209,2018_02_05-21_24_41_677468
12.02337,-12.75383,73.85088,75.902398,2018_02_05-21_24_42_286191
11.73886,-12.71548,73.33067,75.345016,2018_02_05-21_24_42_903284
11.55512,-12.63535,73.11671,75.094781,2018_02_05-21_24_43_510589
11.41085,-12.69513,72.90401,74.875687,2018_02_05-21_24_44_126752
11.02872,-12.48493,72.55353,74.441392,2018_02_05-21_24_50_038974
10.65765,-12.51989,72.65796,74.495049,2018_02_05-21_24_50_647042
10.7936,-12.26579,72.43803,74.257791,2018_02_05-21_24_56_558744
10.55836,-12.42957,72.29776,74.114366,2018_02_05-21_25_02_495429
4.57584,-8.02697,3.79284,9.987802,2018_02_05-21_29_41_898993
8.36139,-14.46736,6.85731,18.062116,2018_02_05-21_29_47_972537
11.19417,-19.56516,9.00505,24.273357,2018_02_05-21_29_53_916034
13.48141,-23.71158,10.80372,29.337822,2018_02_05-21_29_59_863730
15.37021,-26.94578,12.47732,33.436536,2018_02_05-21_30_05_759729
16.96398,-29.56885,14.04173,36.868193,2018_02_05-21_30_11_676206
18.18063,-31.88493,14.87064,39.60202,2018_02_05-21_30_17_579057
19.17919,-33.54644,15.49672,41.63356,2018_02_05-21_30_23_507527
19.75348,-34.83302,16.02633,43.132152,2018_02_05-21_30_29_427049
20.53436,-35.85001,16.43691,44.464089,2018_02_05-21_30_35_334520
21.08153,-36.73529,16.62379,45.500141,2018_02_05-21_30_41_270682
21.82433,-37.2947,16.42223,46.226461,2018_02_05-21_30_47_206381
22.23698,-37.77373,16.36675,46.788978,2018_02_05-21_30_47_822340
22.4186,-38.07107,16.57952,47.189835,2018_02_05-21_30_48_401636
22.81767,-38.39688,16.6607,47.671222,2018_02_05-21_30_48_993905
23.147,-38.61826,16.73726,48.034253,2018_02_05-21_30_54_866823
23.38306,-38.78934,16.80208,48.308284,2018_02_05-21_30_55_472026
23.46785,-38.93042,16.88316,48.49081,2018_02_05-21_30_56_023704
23.66346,-38.98987,17.29487,48.777883,2018_02_05-21_30_56_611652
23.75049,-39.1371,17.3809,48.968296,2018_02_05-21_30_57_164167
23.66475,-39.29821,17.60878,49.13694,2018_02_05-21_30_57_749495
23.5993,-39.32095,18.07473,49.292595,2018_02_05-21_31_03_621431
23.51971,-39.56308,18.09896,49.456915,2018_02_05-21_31_09_554024
23.65494,-39.37604,17.98418,49.330107,2018_02_05-21_31_15_491633
23.95249,-39.39156,17.56278,49.334248,2018_02_05-21_31_21_427838
24.23083,-39.45099,17.65549,49.550278,2018_02_05-21_31_27_363160
24.3051,-39.42879,17.74468,49.600817,2018_02_05-21_31_27_976416
24.41984,-39.44073,18.04513,49.774758,2018_02_05-21_31_33_853426
-12.94205,5.66162,-6.78087,15.669422,2018_02_07-16_56_05_866232
-23.25699,10.21225,-11.99718,28.091101,2018_02_07-16_56_12_033562
-31.42339,13.73911,-16.27043,37.959445,2018_02_07-16_56_18_092584
-38.01806,16.50966,-19.33169,45.734626,2018_02_07-16_56_24_122774
-5.10263,-16.77068,-9.77718,20.072015,2018_02_07-17_07_39_568958
-5.03686,-16.68045,-10.10483,20.142367,2018_02_07-17_08_32_119937
-9.10931,-30.17169,-17.87034,36.230643,2018_02_07-17_08_38_258321
-12.38816,-40.8336,-24.45945,49.18449,2018_02_07-17_08_44_265178
-5.07952,-16.59576,-9.95466,20.007899,2018_02_07-17_12_53_685491
-5.04608,-16.57433,-9.75513,19.883005,2018_02_07-17_13_19_946275
-9.12601,-29.79843,-17.85441,35.916715,2018_02_07-17_13_26_034102
-12.36896,-40.62019,-24.38436,48.965171,2018_02_07-17_13_32_063810
-14.9942,-49.18166,-29.50628,59.281382,2018_02_07-17_13_38_097861
-17.08908,-56.04787,-33.58594,67.538254,2018_02_07-17_13_44_119353
-18.77743,-61.38919,-36.6316,73.912777,2018_02_07-17_13_50_163733
-20.02503,-65.64043,-39.31266,79.089526,2018_02_07-17_13_56_207782
-21.05411,-69.01328,-41.30443,83.139427,2018_02_07-17_14_02_258059
-21.93736,-71.68401,-42.4152,86.133003,2018_02_07-17_14_02_929425
-22.62328,-73.89369,-43.45355,88.65834,2018_02_07-17_14_08_867138
-23.23101,-75.56931,-44.63605,90.789743,2018_02_07-17_14_09_543192
-23.88217,-76.94717,-45.4856,92.521159,2018_02_07-17_14_10_135304
-24.30302,-77.90534,-45.85693,93.609491,2018_02_07-17_14_10_820086
-24.68228,-78.91317,-46.28685,94.757458,2018_02_07-17_14_11_420788
-25.03966,-79.58869,-46.74063,95.634882,2018_02_07-17_14_12_090509
-25.37244,-80.04906,-47.25538,96.357063,2018_02_07-17_14_12_705067
-25.54853,-80.57227,-47.20222,96.812539,2018_02_07-17_14_13_379494
-25.74315,-80.88674,-47.75985,97.398038,2018_02_07-17_14_13_990398
-25.99625,-81.21101,-47.93745,97.821431,2018_02_07-17_14_14_644576
-26.20886,-81.38701,-47.67292,97.895133,2018_02_07-17_14_15_268362
-26.41956,-81.5712,-47.81609,98.174499,2018_02_07-17_14_15_952077
-26.53237,-81.69659,-48.00368,98.400471,2018_02_07-17_14_16_582971
-26.42353,-81.82197,-48.27468,98.60772,2018_02_07-17_14_17_274554
-5.0327,-16.82187,-9.95198,20.182797,2018_02_07-17_29_45_863344
-9.30508,-30.25414,-17.63014,36.231469,2018_02_07-17_29_46_641414
-12.62514,-40.94414,-24.05009,49.134749,2018_02_07-17_29_47_213463
-15.36692,-49.72624,-29.09672,59.627681,2018_02_07-17_29_47_873639
-17.32985,-56.57509,-33.08286,67.790413,2018_02_07-17_29_48_454354
-19.21051,-62.08838,-36.50402,74.542297,2018_02_07-17_29_49_020825
-20.61583,-66.37196,-38.88174,79.636921,2018_02_07-17_29_49_650416
-21.92797,-69.79571,-40.91134,83.821326,2018_02_07-17_29_50_233927
-22.61635,-72.58409,-42.83587,87.263172,2018_02_07-17_29_50_807189
-23.38253,-74.9081,-44.1731,90.051257,2018_02_07-17_29_51_461105
-24.09654,-76.63074,-45.19623,92.171648,2018_02_07-17_29_52_046499
-24.38646,-77.96648,-46.45164,93.974605,2018_02_07-17_29_52_622241
-24.88392,-79.00512,-46.7924,95.134364,2018_02_07-17_29_53_247475
-25.22153,-79.90461,-47.0392,96.091408,2018_02_07-17_29_53_834946
-25.29572,-80.62553,-47.72536,97.046687,2018_02_07-17_29_54_693091
-25.42429,-81.16305,-47.8752,97.600563,2018_02_07-17_29_55_303780
-25.68543,-81.62469,-47.95859,98.093617,2018_02_07-17_29_55_957133
-25.68779,-81.95599,-48.52932,98.649591,2018_02_07-17_29_56_522561
-25.84226,-82.19214,-48.50422,98.873807,2018_02_07-17_29_57_182256
-26.01144,-82.3242,-48.42949,98.991335,2018_02_07-17_29_57_773247
-25.90128,-82.55762,-48.30296,99.094969,2018_02_07-17_29_58_369425
-26.02502,-82.82024,-48.17588,99.284486,2018_02_07-17_29_59_002558
-26.07493,-82.90681,-48.15942,99.361818,2018_02_07-17_29_59_595231
-26.30195,-82.80342,-48.42374,99.46385,2018_02_07-17_30_00_192144
-26.41095,-82.89657,-48.60036,99.656282,2018_02_07-17_30_00_864654
-26.41121,-82.96674,-48.73462,99.780234,2018_02_07-17_30_01_471604
-26.17527,-83.05427,-48.90992,99.876608,2018_02_07-17_30_02_080452
-26.19808,-83.04923,-48.64208,99.747511,2018_02_07-17_30_02_760918
-26.22631,-83.13528,-48.40936,99.713391,2018_02_07-17_30_03_383354
-26.20618,-82.92815,-48.36852,99.515605,2018_02_07-17_30_04_034227
-26.20473,-82.99918,-48.25405,99.518868,2018_02_07-17_30_04_746505
-26.11661,-83.11864,-48.36153,99.647495,2018_02_07-17_30_05_374264
-25.93547,-83.20506,-48.28254,99.634002,2018_02_07-17_30_06_006303
-25.67637,-83.20811,-48.25497,99.556053,2018_02_07-17_30_06_685707
-25.51165,-83.31709,-48.20772,99.581956,2018_02_07-17_30_07_305702
-25.32467,-83.30409,-48.02195,99.433485,2018_02_07-17_30_07_945069
-25.27019,-83.09911,-48.38614,99.424661,2018_02_07-17_30_08_632340
-25.49945,-83.02878,-48.0941,99.282641,2018_02_07-17_30_09_241585
-25.5099,-82.86715,-48.11877,99.162168,2018_02_07-17_30_09_847155
-25.56821,-82.70824,-48.36474,99.164179,2018_02_07-17_30_10_515205
-25.55422,-82.63271,-48.5597,99.19288,2018_02_07-17_30_11_093819
-25.8099,-82.58613,-48.45858,99.170831,2018_02_07-17_30_11_697843
-26.0183,-82.42434,-48.53347,99.127299,2018_02_07-17_30_12_371524
-26.01113,-82.49515,-48.4411,99.139139,2018_02_07-17_30_12_994008
-26.15679,-82.40825,-48.51382,99.140749,2018_02_07-17_30_13_590009
-26.01431,-82.28073,-48.50015,98.990542,2018_02_07-17_30_14_259817
-25.98383,-82.31329,-48.31652,98.919782,2018_02_07-17_30_20_136491
-25.94253,-82.43394,-48.63015,99.1628,2018_02_07-17_30_20_701105
-25.95573,-82.45676,-48.80852,99.2728,2018_02_07-17_30_21_375253
-25.95669,-82.30029,-49.00879,99.241871,2018_02_07-17_30_21_935821
-26.10159,-82.38873,-48.66281,99.182987,2018_02_07-17_30_22_577988
-26.28254,-82.3327,-48.98301,99.341737,2018_02_07-17_30_23_168484
-26.23402,-82.4718,-48.9887,99.447043,2018_02_07-17_30_23_834352
-26.14728,-82.44276,-49.03661,99.42373,2018_02_07-17_30_24_433328
-26.16443,-82.35118,-48.89982,99.284876,2018_02_07-17_30_25_120337
-26.09106,-82.31718,-49.25864,99.414663,2018_02_07-17_30_25_707113
-26.02545,-82.44876,-49.2583,99.506292,2018_02_07-17_30_26_354977
-26.09804,-82.60788,-49.47935,99.766606,2018_02_07-17_30_26_946296
-26.00467,-82.55759,-49.4777,99.699756,2018_02_07-17_30_27_595022
-26.14755,-82.43587,-49.29542,99.545997,2018_02_07-17_30_28_182792
-26.00789,-82.44336,-49.2356,99.48599,2018_02_07-17_30_28_843861
-26.04038,-82.35648,-49.37922,99.493711,2018_02_07-17_30_29_423984
-25.99905,-82.42886,-49.48916,99.597412,2018_02_07-17_30_30_127655
-25.94371,-82.495,-48.84801,99.32084,2018_02_07-17_30_30_732299
-25.88803,-82.46739,-48.90968,99.313732,2018_02_07-17_30_31_416018
-25.76252,-82.46353,-48.91291,99.279474,2018_02_07-17_30_32_057729
-25.85853,-82.50281,-48.87215,99.316989,2018_02_07-17_30_32_794884
-25.99651,-82.59486,-48.9905,99.48768,2018_02_07-17_30_33_434351
-26.07398,-82.86172,-48.71751,99.595747,2018_02_07-17_30_34_090978
-26.02712,-82.87274,-48.87892,99.671715,2018_02_07-17_30_34_796981
-4.4884,-16.50308,-9.89922,19.760869,2018_02_07-17_35_44_862509
-27.58607,-45.32192,-4.53839,53.250959,2018_02_07-17_35_50_940150
-62.76932,-70.64536,0.77775,94.505869,2018_02_07-17_35_56_937048
-87.39054,-89.83764,6.24423,125.486647,2018_02_07-17_36_02_924147
-92.59669,-81.15667,8.36488,123.412006,2018_02_07-17_36_08_895986
-84.45728,-82.35147,5.78516,118.102772,2018_02_07-17_36_14_885417
-92.09455,-75.15072,11.13,119.385568,2018_02_07-17_36_20_883313
-98.44321,-89.99283,19.93156,134.859342,2018_02_07-17_36_26_876030
-124.8949,-108.81243,22.66115,167.189739,2018_02_07-17_36_32_822703
-21.31373,-8.03801,-13.04133,26.248066,2018_02_07-17_38_54_594877
-38.34737,-14.56454,-23.45653,47.253099,2018_02_07-17_39_00_708520
-21.49185,-7.98436,-13.15119,26.431107,2018_02_07-17_42_43_704844
-38.61349,-14.46311,-23.65849,47.538482,2018_02_07-17_42_49_806823
-52.27802,-19.81521,-32.20505,64.519758,2018_02_07-17_42_55_820335
-21.42962,-8.0196,-12.98501,26.308802,2018_02_07-17_43_24_939105
-38.50873,-15.17379,-23.59038,47.641077,2018_02_07-17_43_31_049972
-53.72016,-41.79124,-16.56354,70.047942,2018_02_07-17_43_37_090380
-80.63622,-65.46016,-11.9638,104.548386,2018_02_07-17_43_43_102375
-92.86623,-79.53578,-8.79162,122.586172,2018_02_07-17_43_43_746644
-15.27878,-9.68448,-11.9433,21.676547,2018_02_07-17_44_08_197793
-15.4806,-15.91688,-23.0267,31.987888,2018_02_07-17_44_14_297629
-31.2772,-40.28743,-15.56206,53.324647,2018_02_07-17_44_20_312262
-49.91484,-59.61488,-10.53497,78.462799,2018_02_07-17_44_20_874617
-66.51286,-76.27666,-4.24466,101.292184,2018_02_07-17_44_26_742000
-79.91318,-90.37186,1.14553,120.642039,2018_02_07-17_44_27_272146
-78.32545,-82.30678,-10.38154,114.092325,2018_02_07-17_44_33_174292
-73.31339,-74.00603,-20.83977,106.235783,2018_02_07-17_44_39_199245
-82.37066,-87.56657,-14.19984,121.055629,2018_02_07-17_44_45_225597
-96.92542,-101.59392,-9.02461,140.702897,2018_02_07-17_44_51_212491
-108.99615,-108.83923,-2.22343,154.048961,2018_02_07-17_44_57_203714
-95.69255,-106.86844,-6.5618,143.600086,2018_02_07-17_45_03_170263
-101.06187,-116.26448,3.22171,154.082154,2018_02_07-17_45_09_117269
-104.81169,-127.96146,15.28964,166.112608,2018_02_07-17_45_09_662159
-108.55031,-136.45781,23.28311,175.914772,2018_02_07-17_45_10_144084
-112.37492,-143.75826,30.5291,185.004286,2018_02_07-17_45_10_699145
-114.9104,-150.3371,35.76351,192.57381,2018_02_07-17_45_11_179476
-15.84177,-10.05903,-12.10013,22.328433,2018_02_07-18_15_50_480469
-28.42256,-18.16407,-21.74322,40.131571,2018_02_07-18_15_56_576319
-15.70994,-10.1827,-12.81428,22.686899,2018_02_07-18_17_04_737019
-28.29523,-18.34315,-22.01576,40.27139,2018_02_07-18_17_10_761115
-38.55347,-24.75493,-29.73194,54.618356,2018_02_07-18_17_11_302190
-47.2741,-30.05068,-36.198,66.694671,2018_02_07-18_17_11_837778
-53.52944,-34.15706,-41.30942,75.753375,2018_02_07-18_17_12_329980
-58.59112,-37.5434,-45.19664,82.976879,2018_02_07-18_17_18_306332
-62.80683,-40.14882,-48.24028,88.790485,2018_02_07-18_17_24_294267
-66.08215,-42.17899,-50.42634,93.213376,2018_02_07-18_17_24_837117
-68.77551,-43.67659,-52.65239,97.0051,2018_02_07-18_17_25_379947
-70.99963,-45.07832,-53.86295,99.871016,2018_02_07-18_17_25_919162
-72.75406,-46.22865,-54.70327,102.091572,2018_02_07-18_17_26_470539
-74.38905,-46.88128,-55.1829,103.811067,2018_02_07-18_17_26_977776
-75.33894,-47.31688,-56.05916,105.154517,2018_02_07-18_17_27_535731
-76.25235,-47.04129,-57.3807,106.394777,2018_02_07-18_17_28_063636
-76.64904,-46.78512,-58.79226,107.333371,2018_02_07-18_17_28_593597
-77.01782,-46.62418,-60.03087,108.209353,2018_02_07-18_17_29_122100
-77.49563,-46.49397,-60.635,108.829523,2018_02_07-18_17_29_682004
-77.87589,-46.2476,-61.55236,109.508848,2018_02_07-18_17_30_175524
-78.13202,-46.27489,-62.83976,110.430129,2018_02_07-18_17_30_706297
-78.32228,-46.14139,-63.14988,110.685657,2018_02_07-18_17_31_203321
-78.49408,-45.89846,-63.58935,110.957626,2018_02_07-18_17_31_751344
-78.66442,-45.84075,-63.34175,110.91277,2018_02_07-18_17_32_276879
-78.55463,-45.7585,-63.212,110.726813,2018_02_07-18_17_32_833427
-78.68401,-45.5321,-62.99628,110.602337,2018_02_07-18_17_33_329474
-78.7179,-45.66607,-63.30564,110.858025,2018_02_07-18_17_33_887599
-78.93513,-45.60177,-63.44183,111.063684,2018_02_07-18_17_34_411983
-79.0561,-45.65221,-63.65628,111.292916,2018_02_07-18_17_34_944132
-78.96259,-45.68973,-63.81411,111.332307,2018_02_07-18_17_35_440590
-79.08726,-45.74479,-64.01662,111.559438,2018_02_07-18_17_35_989408
-78.9449,-45.77429,-64.54881,111.777152,2018_02_07-18_17_41_941215
-79.15324,-45.62547,-64.55238,111.865672,2018_02_07-18_17_42_640601
-79.24973,-45.56964,-64.48482,111.872266,2018_02_07-18_17_43_212048
-78.58453,-45.5186,-64.50996,111.395719,2018_02_07-18_17_43_866866
-78.81384,-45.4496,-64.59708,111.579883,2018_02_07-18_17_44_448732
-78.7295,-45.48132,-65.14784,111.853143,2018_02_07-18_17_45_101144
-78.98558,-45.54903,-64.96223,111.953237,2018_02_07-18_17_45_674578
-79.18102,-45.50677,-65.05943,112.130413,2018_02_07-18_17_46_341504
-79.31881,-45.26474,-65.1293,112.170388,2018_02_07-18_17_53_202735
-79.39482,-45.36992,-65.3046,112.368402,2018_02_07-18_17_53_815356
-79.5134,-45.40852,-65.32411,112.479126,2018_02_07-18_17_54_331581
-79.48237,-45.50735,-65.82069,112.78621,2018_02_07-18_17_54_902849
-79.47768,-45.46886,-65.87403,112.798522,2018_02_07-18_17_55_446942
-79.6046,-45.4418,-65.91679,112.902049,2018_02_07-18_17_56_028433
-79.77016,-45.40364,-65.52505,112.775446,2018_02_07-18_17_56_569295
-79.80302,-45.55427,-65.41064,112.79302,2018_02_07-18_17_57_150723
-79.76975,-45.55224,-65.13541,112.609241,2018_02_07-18_17_57_693758
